"country","mort"
"Lesotho",294.044608601894
"South Africa",207.189338062823
"Mozambique",206.919759073282
"Swaziland",186.250016516945
"Zimbabwe",166.434524272249
"Guinea-Bissau",142.444471038949
"Nigeria",140.634106041723
"Djibouti",138.226129721791
"Namibia",129.785559277424
"Central African Republic",110.795227218008
