"country","mort"
"South Africa",178.456365095648
"India",19.5621959602161
"Nigeria",140.736620239736
"Mozambique",200.867231064235
"Indonesia",49.2599373552472
"United Republic of Tanzania",111.742852289248
"Kenya",38.8667028313113
"Zambia",104.166337218556
"Democratic Republic of the Congo",77.2496233500379
"Uganda",29.0409331010193
