"country","inc"
"Lesotho",852.010036322618
"South Africa",833.614753843909
"Swaziland",732.502667183205
"Djibouti",619.292224365701
"Namibia",561.150715797443
"Mozambique",550.90593945776
"Timor-Leste",498.203679864248
"Kiribati",497.064024777481
"Gabon",443.936695662197
"Democratic People's Republic of Korea",441.925401719509
