"country","mort"
"Lesotho",295.537751531512
"Mozambique",200.86664318072
"Swaziland",186.116276240892
"South Africa",178.456365095648
"Guinea-Bissau",144.208685604523
"Nigeria",140.736620239736
"Djibouti",136.6591190002
"Namibia",126.353292877196
"Central African Republic",113.174424332125
"Zambia",104.102729421181
