"country","mort"
"South Africa",207.189338062823
"India",21.3366932640923
"Nigeria",140.634106041723
"Mozambique",206.919759073282
"Indonesia",47.7689473935648
"Zimbabwe",166.434524272249
"Kenya",40.2226857102882
"Zambia",83.570793551407
"Democratic Republic of the Congo",72.5811332756215
"United Republic of Tanzania",24.8912915663876
