"country","inc.num"
"India",2164794.21778686
"Indonesia",1014943.1390216
"China",928631.921240817
"Nigeria",570939.65507899
"Pakistan",499774.72056307
"South Africa",449893.996653987
"Bangladesh",361511.523205833
"Philippines",285290.009037554
"Democratic Republic of the Congo",243273.289413478
"Ethiopia",200551.957388386
