"country","mort.num"
"India",270421.644944565
"Nigeria",251055.652073761
"Indonesia",120765.74831854
"South Africa",110099.436312909
"Bangladesh",81111.539996414
"Mozambique",54777.8202279252
"Democratic Republic of the Congo",50342.3596857083
"Pakistan",49970.9391224346
"China",38941.1987255615
"Ethiopia",36477.4305422607
